{
  "mappedPoints": [
    {
      "easting": 587066.334,
      "northing": 6308675.103
    },
    {
      "easting": 593855.75,
      "northing": 6315312.991
    },
    {
      "easting": 654457.57,
      "northing": 6373663.546
    },
    {
      "easting": 675385.673,
      "northing": 6334677.598
    }
  ],
  "flipSum": [
    "137.980728 km",
    "128.480728 km",
    "44.317463 km"
  ],
  "distance": "137.980728 km",
  "legsSum": [
    "9.500000 km",
    "93.663265 km",
    "137.980728 km"
  ],
  "legs": [
    "9.500000 km",
    "84.163265 km",
    "44.317463 km"
  ],
  "mappedZones": [
    {
      "lngZone": 55,
      "latZone": "H"
    }
  ]
}
