{
  "mappedPoints": [
    {
      "easting": 586216.856,
      "northing": 6308232.876
    },
    {
      "easting": 576866.3,
      "northing": 6306468.408
    },
    {
      "easting": 548211.138,
      "northing": 6301107.255
    },
    {
      "easting": 474534.203,
      "northing": 6298946.8
    }
  ],
  "flipSum": [
    "112.185839 km",
    "102.685839 km",
    "73.580483 km"
  ],
  "distance": "112.185839 km",
  "legsSum": [
    "9.500000 km",
    "38.605357 km",
    "112.185839 km"
  ],
  "legs": [
    "9.500000 km",
    "29.105357 km",
    "73.580483 km"
  ],
  "mappedZones": [
    {
      "lngZone": 55,
      "latZone": "H"
    }
  ]
}
